date,amount,merchant_name,category,category_detail,payment_channel,type,month,weekday,is_small_expense
2026-03-09,-810,Sweetgreen,FOOD_AND_DRINK,FOOD_AND_DRINK_RESTAURANT,other,place,3,0,False
2026-03-14,97.66696,APPLE 857979823 NEWKIRK #4,FOOD_AND_DRINK,FOOD_AND_DRINK_BEER_WINE_AND_LIQUOR,in store,place,3,5,False
2026-03-14,-496,CASH DEPOSIT,TRANSFER_IN,TRANSFER_IN_DEPOSIT,other,special,3,5,False
2026-03-15,4.780789,Popeyes,FOOD_AND_DRINK,FOOD_AND_DRINK_FAST_FOOD,in store,place,3,6,True
2026-03-15,91.52556,Earnin,LOAN_PAYMENTS,LOAN_PAYMENTS_EWA,other,place,3,6,False
2026-03-15,134,Grubhub,FOOD_AND_DRINK,FOOD_AND_DRINK_RESTAURANT,online,place,3,6,False
2026-03-16,-810,Sweetgreen,FOOD_AND_DRINK,FOOD_AND_DRINK_RESTAURANT,other,place,3,0,False
2026-03-18,9.94589,Famous Chicken N Biscuits,FOOD_AND_DRINK,FOOD_AND_DRINK_FAST_FOOD,in store,place,3,2,True
2026-03-18,3,3947558 VISA PURCHASE PLAYSTUD 07057808 TAYLOR MI 8840321 748,ENTERTAINMENT,ENTERTAINMENT_SPORTING_EVENTS_AMUSEMENT_PARKS_AND_MUSEUMS,in store,place,3,2,True
2026-03-18,186,American Airlines,TRAVEL,TRAVEL_FLIGHTS,in store,special,3,2,False
2026-03-19,4.790203,Denny's,FOOD_AND_DRINK,FOOD_AND_DRINK_RESTAURANT,in store,place,3,3,True
2026-03-19,15.466949,Panera Bread,FOOD_AND_DRINK,FOOD_AND_DRINK_RESTAURANT,in store,place,3,3,True
2026-03-20,52.34218,Uber Eats,FOOD_AND_DRINK,FOOD_AND_DRINK_RESTAURANT,online,place,3,4,False
2026-03-21,70.61283,Dunkin',FOOD_AND_DRINK,FOOD_AND_DRINK_COFFEE,online,place,3,5,False
2026-03-22,21.771215,Royal Farms,TRANSPORTATION,TRANSPORTATION_GAS,in store,place,3,6,True
2026-03-23,48.2542,Smart & Final,FOOD_AND_DRINK,FOOD_AND_DRINK_GROCERIES,in store,place,3,0,False
2026-03-23,-810,Sweetgreen,FOOD_AND_DRINK,FOOD_AND_DRINK_RESTAURANT,other,place,3,0,False
2026-03-24,15.607323,Walmart,GENERAL_MERCHANDISE,GENERAL_MERCHANDISE_SUPERSTORES,in store,place,3,1,True
2026-03-24,744,Internal Revenue Service,LOAN_PAYMENTS,LOAN_PAYMENTS_OTHER_PAYMENT,in store,place,3,1,False
2026-03-25,69,Tropical Smoothie Cafe,FOOD_AND_DRINK,FOOD_AND_DRINK_RESTAURANT,in store,place,3,2,False
2026-03-25,30.900715,Citgo,TRANSPORTATION,TRANSPORTATION_GAS,in store,place,3,2,False
2026-03-26,5,Blaze Pizza,FOOD_AND_DRINK,FOOD_AND_DRINK_RESTAURANT,in store,place,3,3,True
2026-03-26,10.021521,Amazon,GENERAL_MERCHANDISE,GENERAL_MERCHANDISE_ONLINE_MARKETPLACES,online,digital,3,3,True
2026-03-26,133.55963,PayByPhone,TRANSPORTATION,TRANSPORTATION_PARKING,online,place,3,3,False
2026-03-27,66.62851,McDonald's,FOOD_AND_DRINK,FOOD_AND_DRINK_FAST_FOOD,in store,place,3,4,False
2026-03-27,6.0424743,Krispy Kreme,FOOD_AND_DRINK,FOOD_AND_DRINK_OTHER_FOOD_AND_DRINK,in store,place,3,4,True
2026-03-28,89,PayPal,TRANSFER_OUT,TRANSFER_OUT_TRANSFER_OUT_FROM_APPS,other,special,3,5,False
2026-03-29,595.10675,Target,GENERAL_MERCHANDISE,GENERAL_MERCHANDISE_SUPERSTORES,in store,place,3,6,False
2026-03-29,45.473385,Starbucks,FOOD_AND_DRINK,FOOD_AND_DRINK_COFFEE,in store,place,3,6,False
2026-03-29,-95,Brigit,LOAN_DISBURSEMENTS,LOAN_DISBURSEMENTS_CASH_ADVANCES,other,special,3,6,False
2026-03-30,162.69058,McDonald's,FOOD_AND_DRINK,FOOD_AND_DRINK_FAST_FOOD,in store,place,3,0,False
2026-03-30,-810,Sweetgreen,FOOD_AND_DRINK,FOOD_AND_DRINK_RESTAURANT,other,place,3,0,False
2026-03-31,37.474327,Cleo AI,LOAN_PAYMENTS,LOAN_PAYMENTS_CASH_ADVANCES,other,place,3,1,False
2026-04-02,128.11888,McDonald's,FOOD_AND_DRINK,FOOD_AND_DRINK_FAST_FOOD,in store,place,4,3,False
2026-04-02,143.92996,Food Lion,FOOD_AND_DRINK,FOOD_AND_DRINK_GROCERIES,in store,place,4,3,False
2026-04-02,72,Uber Eats,FOOD_AND_DRINK,FOOD_AND_DRINK_RESTAURANT,online,place,4,3,False
2026-04-02,103.44398,Dunkin',FOOD_AND_DRINK,FOOD_AND_DRINK_COFFEE,online,place,4,3,False
2026-04-03,9.7853775,Stop & Shop,FOOD_AND_DRINK,FOOD_AND_DRINK_GROCERIES,in store,place,4,4,True
2026-04-03,76.018364,Albertsons,FOOD_AND_DRINK,FOOD_AND_DRINK_GROCERIES,in store,place,4,4,False
2026-04-03,145.08855,Venmo,TRANSFER_OUT,TRANSFER_OUT_TRANSFER_OUT_FROM_APPS,other,special,4,4,False
2026-04-03,59.521763,Microsoft Xbox,ENTERTAINMENT,ENTERTAINMENT_VIDEO_GAMES,online,place,4,4,False
2026-04-03,16,Topgolf,ENTERTAINMENT,ENTERTAINMENT_SPORTING_EVENTS_AMUSEMENT_PARKS_AND_MUSEUMS,in store,place,4,4,True
2026-04-04,3.25206,Microsoft,GENERAL_MERCHANDISE,GENERAL_MERCHANDISE_ELECTRONICS,in store,place,4,5,True
2026-04-04,19,Cash App,TRANSFER_OUT,TRANSFER_OUT_ACCOUNT_TRANSFER,other,special,4,5,True
2026-04-04,38,WITHDRAWAL DEBIT CARD CONSUMER DEBIT PULSZ 252-291-2362 VA DATE 04/12 23978676735612 63546108 CARD 94353,ENTERTAINMENT,ENTERTAINMENT_SPORTING_EVENTS_AMUSEMENT_PARKS_AND_MUSEUMS,online,special,4,5,False
2026-04-05,20,Cash App,TRANSFER_OUT,TRANSFER_OUT_ACCOUNT_TRANSFER,other,special,4,6,True
2026-04-05,25.983858,Planet Fitness,PERSONAL_CARE,PERSONAL_CARE_GYMS_AND_FITNESS_CENTERS,in store,place,4,6,False
2026-04-05,5.5849614,WITHDRAWAL 02178293119 POS POUR CHOICES,ENTERTAINMENT,ENTERTAINMENT_SPORTING_EVENTS_AMUSEMENT_PARKS_AND_MUSEUMS,in store,place,4,6,True
2026-04-06,12.202726,Uber,TRANSPORTATION,TRANSPORTATION_TAXIS_AND_RIDE_SHARES,online,special,4,0,True
2026-04-06,20.519363,Uplift,LOAN_PAYMENTS,LOAN_PAYMENTS_BNPL,other,place,4,0,True
2026-04-06,6.2822237,Walmart,GENERAL_MERCHANDISE,GENERAL_MERCHANDISE_SUPERSTORES,in store,place,4,0,True
2026-04-06,4.26607,Queens Bar,FOOD_AND_DRINK,FOOD_AND_DRINK_BEER_WINE_AND_LIQUOR,in store,place,4,0,True
2026-04-06,-810,Sweetgreen,FOOD_AND_DRINK,FOOD_AND_DRINK_RESTAURANT,other,place,4,0,False
2026-04-06,-0.12,Interest payment,INCOME,INCOME_INTEREST_EARNED,other,special,4,0,False
2026-04-06,12.65,Spotify,ENTERTAINMENT,ENTERTAINMENT_MUSIC_AND_AUDIO,online,place,4,0,True
2026-01-06,-0.12,Interest payment,INCOME,INCOME_INTEREST_EARNED,other,special,1,1,False
2026-01-06,12.65,Spotify,ENTERTAINMENT,ENTERTAINMENT_MUSIC_AND_AUDIO,online,place,1,1,True
2026-01-12,-810,Sweetgreen,FOOD_AND_DRINK,FOOD_AND_DRINK_RESTAURANT,other,place,1,0,False
2026-01-19,-810,Sweetgreen,FOOD_AND_DRINK,FOOD_AND_DRINK_RESTAURANT,other,place,1,0,False
2026-01-26,-810,Sweetgreen,FOOD_AND_DRINK,FOOD_AND_DRINK_RESTAURANT,other,place,1,0,False
2026-02-02,-810,Sweetgreen,FOOD_AND_DRINK,FOOD_AND_DRINK_RESTAURANT,other,place,2,0,False
2026-02-06,-0.12,Interest payment,INCOME,INCOME_INTEREST_EARNED,other,special,2,4,False
2026-02-06,12.65,Spotify,ENTERTAINMENT,ENTERTAINMENT_MUSIC_AND_AUDIO,online,place,2,4,True
2026-02-09,-810,Sweetgreen,FOOD_AND_DRINK,FOOD_AND_DRINK_RESTAURANT,other,place,2,0,False
2026-02-16,-810,Sweetgreen,FOOD_AND_DRINK,FOOD_AND_DRINK_RESTAURANT,other,place,2,0,False
2026-02-23,-810,Sweetgreen,FOOD_AND_DRINK,FOOD_AND_DRINK_RESTAURANT,other,place,2,0,False
2026-03-02,-810,Sweetgreen,FOOD_AND_DRINK,FOOD_AND_DRINK_RESTAURANT,other,place,3,0,False
2026-03-06,-0.12,Interest payment,INCOME,INCOME_INTEREST_EARNED,other,special,3,4,False
2026-03-06,12.65,Spotify,ENTERTAINMENT,ENTERTAINMENT_MUSIC_AND_AUDIO,online,place,3,4,True
2026-04-07,58,Earnin,LOAN_PAYMENTS,LOAN_PAYMENTS_EWA,other,place,4,1,False
2026-04-07,2.8096795,The Pizza Place,FOOD_AND_DRINK,FOOD_AND_DRINK_RESTAURANT,in store,place,4,1,True
2026-03-27,234.84,Netflix,ENTERTAINMENT,ENTERTAINMENT_TV_AND_MOVIES,online,place,3,4,False
2026-03-28,-173.52,Chipotle Mexican Grill,FOOD_AND_DRINK,FOOD_AND_DRINK_FAST_FOOD,other,place,3,5,False
2026-03-29,-424.32,Best Buy,GENERAL_MERCHANDISE,GENERAL_MERCHANDISE_ELECTRONICS,other,place,3,6,False
2026-03-29,-186.26,Burger King,FOOD_AND_DRINK,FOOD_AND_DRINK_FAST_FOOD,other,place,3,6,False
2026-03-31,216.5,Shell,TRANSPORTATION,TRANSPORTATION_GAS,in store,place,3,1,False
2026-04-03,102.3,7-Eleven,GENERAL_MERCHANDISE,GENERAL_MERCHANDISE_CONVENIENCE_STORES,in store,place,4,4,False
2026-04-03,435.08,Amazon,GENERAL_MERCHANDISE,GENERAL_MERCHANDISE_ONLINE_MARKETPLACES,online,digital,4,4,False
2026-04-04,364.87,Costco,GENERAL_MERCHANDISE,GENERAL_MERCHANDISE_SUPERSTORES,in store,place,4,5,False
2026-04-05,421.34,Pago de tarjeta - Compra #9,ENTERTAINMENT,ENTERTAINMENT_SPORTING_EVENTS_AMUSEMENT_PARKS_AND_MUSEUMS,in store,place,4,6,False
2026-04-06,-412.34,Burger King,FOOD_AND_DRINK,FOOD_AND_DRINK_FAST_FOOD,other,place,4,0,False
2026-03-25,254.31,Transferencia - Compra #14,TRANSFER_OUT,TRANSFER_OUT_ACCOUNT_TRANSFER,in store,place,3,2,False
2026-03-25,315,ExxonMobil,TRANSPORTATION,TRANSPORTATION_GAS,in store,place,3,2,False
2026-03-27,295.33,Starbucks,FOOD_AND_DRINK,FOOD_AND_DRINK_COFFEE,in store,place,3,4,False
2026-03-27,164.71,Google Play,ENTERTAINMENT,ENTERTAINMENT_VIDEO_GAMES,online,place,3,4,False
2026-03-27,216.11,PayPal,TRANSFER_OUT,TRANSFER_OUT_TRANSFER_OUT_FROM_APPS,other,special,3,4,False
2026-03-30,429.31,Pago de tarjeta - Compra #13,ENTERTAINMENT,ENTERTAINMENT_SPORTING_EVENTS_AMUSEMENT_PARKS_AND_MUSEUMS,in store,place,3,0,False
2026-03-31,-100.69,Netflix,ENTERTAINMENT,ENTERTAINMENT_TV_AND_MOVIES,other,place,3,1,False
2026-04-04,341.39,Netflix,ENTERTAINMENT,ENTERTAINMENT_TV_AND_MOVIES,online,place,4,5,False
2026-04-05,122.45,Shell,TRANSPORTATION,TRANSPORTATION_GAS,in store,place,4,6,False
2026-04-05,323,Target,GENERAL_MERCHANDISE,GENERAL_MERCHANDISE_SUPERSTORES,in store,place,4,6,False
2026-03-26,-11.74,Walmart,GENERAL_MERCHANDISE,GENERAL_MERCHANDISE_SUPERSTORES,other,place,3,3,False
2026-03-26,36.92,ExxonMobil,TRANSPORTATION,TRANSPORTATION_GAS,in store,place,3,3,False
2026-03-29,37.02,7-Eleven,GENERAL_MERCHANDISE,GENERAL_MERCHANDISE_CONVENIENCE_STORES,in store,place,3,6,False
2026-03-30,-210.25,Lyft,TRANSPORTATION,TRANSPORTATION_TAXIS_AND_RIDE_SHARES,other,special,3,0,False
2026-04-01,23.65,Nómina - Depósito nómina #25,FOOD_AND_DRINK,FOOD_AND_DRINK_BEER_WINE_AND_LIQUOR,in store,place,4,2,True
2026-04-02,290.79,PayPal,GENERAL_MERCHANDISE,GENERAL_MERCHANDISE_OTHER_GENERAL_MERCHANDISE,other,special,4,3,False
2026-04-05,15.3,Kroger,FOOD_AND_DRINK,FOOD_AND_DRINK_GROCERIES,in store,place,4,6,True
2026-04-05,418.13,Lyft,TRANSPORTATION,TRANSPORTATION_TAXIS_AND_RIDE_SHARES,online,special,4,6,False
2026-04-06,-239.55,Apple Store,GENERAL_MERCHANDISE,GENERAL_MERCHANDISE_ELECTRONICS,other,place,4,0,False
2026-04-07,-131.61,Walgreens,MEDICAL,MEDICAL_PHARMACIES_AND_SUPPLEMENTS,other,place,4,1,False
2026-03-25,-384.19,Netflix,ENTERTAINMENT,ENTERTAINMENT_TV_AND_MOVIES,other,place,3,2,False
2026-03-28,-481.41,Lyft,TRANSPORTATION,TRANSPORTATION_TAXIS_AND_RIDE_SHARES,other,special,3,5,False
2026-03-30,222.15,Lyft,TRANSPORTATION,TRANSPORTATION_TAXIS_AND_RIDE_SHARES,online,special,3,0,False
2026-03-30,132,The Home Depot,HOME_IMPROVEMENT,HOME_IMPROVEMENT_HARDWARE,in store,place,3,0,False
2026-03-30,400.82,ExxonMobil,TRANSPORTATION,TRANSPORTATION_GAS,in store,place,3,0,False
2026-03-31,122.27,Nómina - Pago tarjeta crédito #36,ENTERTAINMENT,ENTERTAINMENT_SPORTING_EVENTS_AMUSEMENT_PARKS_AND_MUSEUMS,in store,place,3,1,False
2026-04-02,-442.53,The Home Depot,HOME_IMPROVEMENT,HOME_IMPROVEMENT_HARDWARE,other,place,4,3,False
2026-04-02,380.84,Venmo,TRANSFER_OUT,TRANSFER_OUT_TRANSFER_OUT_FROM_APPS,other,special,4,3,False
2026-04-06,-479.41,Lyft,TRANSPORTATION,TRANSPORTATION_TAXIS_AND_RIDE_SHARES,other,special,4,0,False
2026-04-06,336.22,Starbucks,FOOD_AND_DRINK,FOOD_AND_DRINK_COFFEE,in store,place,4,0,False
2026-03-29,-197.78,Walgreens,MEDICAL,MEDICAL_PHARMACIES_AND_SUPPLEMENTS,other,place,3,6,False
2026-03-31,-274.84,McDonald's,FOOD_AND_DRINK,FOOD_AND_DRINK_FAST_FOOD,other,place,3,1,False
2026-04-01,247.81,Starbucks,FOOD_AND_DRINK,FOOD_AND_DRINK_COFFEE,in store,place,4,2,False
2026-04-02,218.16,Burger King,FOOD_AND_DRINK,FOOD_AND_DRINK_FAST_FOOD,in store,place,4,3,False
2026-04-02,265.61,Nómina - Pago tarjeta crédito #5,ENTERTAINMENT,ENTERTAINMENT_SPORTING_EVENTS_AMUSEMENT_PARKS_AND_MUSEUMS,in store,place,4,3,False
2026-04-04,299.49,Walmart,GENERAL_MERCHANDISE,GENERAL_MERCHANDISE_SUPERSTORES,in store,place,4,5,False
2026-04-04,376.51,Uber,TRANSPORTATION,TRANSPORTATION_TAXIS_AND_RIDE_SHARES,online,special,4,5,False
2026-04-05,91.97,Nómina - Cargo mensual #10,FOOD_AND_DRINK,FOOD_AND_DRINK_BEER_WINE_AND_LIQUOR,in store,place,4,6,False
2026-04-07,379.92,Lyft,TRANSPORTATION,TRANSPORTATION_TAXIS_AND_RIDE_SHARES,online,special,4,1,False
2026-04-07,442.2,Nómina - Depósito nómina #9,FOOD_AND_DRINK,FOOD_AND_DRINK_BEER_WINE_AND_LIQUOR,in store,place,4,1,False
2026-03-25,7.45,Transferencia - Pago tarjeta crédito #11,TRANSFER_OUT,TRANSFER_OUT_ACCOUNT_TRANSFER,in store,place,3,2,True
2026-03-25,238.1,Lyft,TRANSPORTATION,TRANSPORTATION_TAXIS_AND_RIDE_SHARES,online,special,3,2,False
2026-03-26,376.73,Walmart,GENERAL_MERCHANDISE,GENERAL_MERCHANDISE_SUPERSTORES,in store,place,3,3,False
2026-03-26,21.44,McDonald's,FOOD_AND_DRINK,FOOD_AND_DRINK_FAST_FOOD,in store,place,3,3,True
2026-03-28,450.52,Lyft,TRANSPORTATION,TRANSPORTATION_TAXIS_AND_RIDE_SHARES,online,special,3,5,False
2026-03-29,39.82,Best Buy,GENERAL_MERCHANDISE,GENERAL_MERCHANDISE_ELECTRONICS,in store,place,3,6,False
2026-03-30,151.3,Transferencia - Transferencia recibida #17,TRANSFER_OUT,TRANSFER_OUT_ACCOUNT_TRANSFER,in store,special,3,0,False
2026-04-04,268.07,The Home Depot,HOME_IMPROVEMENT,HOME_IMPROVEMENT_HARDWARE,in store,place,4,5,False
2026-04-05,-59.79,Best Buy,GENERAL_MERCHANDISE,GENERAL_MERCHANDISE_ELECTRONICS,other,place,4,6,False
2026-04-07,170.34,Pago de tarjeta - Pago de servicios #13,OTHER,OTHER_OTHER,in store,place,4,1,False
2026-03-26,-461.44,CVS,MEDICAL,MEDICAL_PHARMACIES_AND_SUPPLEMENTS,other,place,3,3,False
2026-03-28,293.1,Amazon,GENERAL_MERCHANDISE,GENERAL_MERCHANDISE_ONLINE_MARKETPLACES,online,digital,3,5,False
2026-03-28,84.44,Best Buy,GENERAL_MERCHANDISE,GENERAL_MERCHANDISE_ELECTRONICS,in store,place,3,5,False
2026-03-30,-141.56,Shell,TRANSPORTATION,TRANSPORTATION_GAS,other,place,3,0,False
2026-04-02,60.9,Uber,TRANSPORTATION,TRANSPORTATION_TAXIS_AND_RIDE_SHARES,online,special,4,3,False
2026-04-04,260.69,Apple Store,GENERAL_MERCHANDISE,GENERAL_MERCHANDISE_ELECTRONICS,in store,place,4,5,False
2026-04-05,-176.76,Venmo,TRANSFER_IN,TRANSFER_IN_TRANSFER_IN_FROM_APPS,other,special,4,6,False
2026-04-05,-318.76,Transferencia - Pago de servicios #6,TRANSFER_IN,TRANSFER_IN_ACCOUNT_TRANSFER,other,place,4,6,False
2026-04-07,-338.51,Google Play,ENTERTAINMENT,ENTERTAINMENT_VIDEO_GAMES,other,place,4,1,False
2026-04-07,-262.16,Uber,TRANSPORTATION,TRANSPORTATION_TAXIS_AND_RIDE_SHARES,other,special,4,1,False
2026-03-28,446.36,Best Buy,GENERAL_MERCHANDISE,GENERAL_MERCHANDISE_ELECTRONICS,in store,place,3,5,False
2026-03-30,-175.59,Spotify,ENTERTAINMENT,ENTERTAINMENT_MUSIC_AND_AUDIO,other,place,3,0,False
2026-03-30,-480.59,Costco,GENERAL_MERCHANDISE,GENERAL_MERCHANDISE_SUPERSTORES,other,place,3,0,False
2026-03-31,-36.7,Lyft,TRANSPORTATION,TRANSPORTATION_TAXIS_AND_RIDE_SHARES,other,special,3,1,False
2026-04-02,-75.56,Walmart,GENERAL_MERCHANDISE,GENERAL_MERCHANDISE_SUPERSTORES,other,place,4,3,False
2026-04-03,391.52,Spotify,ENTERTAINMENT,ENTERTAINMENT_MUSIC_AND_AUDIO,online,place,4,4,False
2026-04-03,21.29,Google Play,ENTERTAINMENT,ENTERTAINMENT_VIDEO_GAMES,online,place,4,4,True
2026-04-04,-317.98,Nómina - Compra #14,FOOD_AND_DRINK,FOOD_AND_DRINK_BEER_WINE_AND_LIQUOR,other,special,4,5,False
2026-04-05,176.78,Best Buy,GENERAL_MERCHANDISE,GENERAL_MERCHANDISE_ELECTRONICS,in store,place,4,6,False
2026-04-06,132.92,Nómina - Transferencia recibida #19,TRANSFER_OUT,TRANSFER_OUT_ACCOUNT_TRANSFER,in store,special,4,0,False
2026-03-26,486.69,PayPal,OTHER,OTHER_OTHER,other,special,3,3,False
2026-04-01,464.64,Spotify,ENTERTAINMENT,ENTERTAINMENT_MUSIC_AND_AUDIO,online,place,4,2,False
2026-04-04,383.56,Best Buy,GENERAL_MERCHANDISE,GENERAL_MERCHANDISE_ELECTRONICS,in store,place,4,5,False
2026-04-04,-179.68,CVS,MEDICAL,MEDICAL_PHARMACIES_AND_SUPPLEMENTS,other,place,4,5,False
2026-04-06,37.76,Burger King,FOOD_AND_DRINK,FOOD_AND_DRINK_FAST_FOOD,in store,place,4,0,False
2026-04-06,260.17,Best Buy,GENERAL_MERCHANDISE,GENERAL_MERCHANDISE_ELECTRONICS,in store,place,4,0,False
2026-04-06,408.55,Starbucks,FOOD_AND_DRINK,FOOD_AND_DRINK_COFFEE,in store,place,4,0,False
2026-04-06,181.63,Amazon,GENERAL_MERCHANDISE,GENERAL_MERCHANDISE_ONLINE_MARKETPLACES,online,digital,4,0,False
2026-04-06,436.91,7-Eleven,GENERAL_MERCHANDISE,GENERAL_MERCHANDISE_CONVENIENCE_STORES,in store,place,4,0,False
2026-04-07,-455.96,Target - Pago de servicios #22,GENERAL_MERCHANDISE,GENERAL_MERCHANDISE_SUPERSTORES,other,place,4,1,False
2026-03-25,478.2,The Home Depot,HOME_IMPROVEMENT,HOME_IMPROVEMENT_HARDWARE,in store,place,3,2,False
2026-03-25,138.29,Transferencia - Pago tarjeta crédito #36,TRANSFER_OUT,TRANSFER_OUT_ACCOUNT_TRANSFER,in store,place,3,2,False
2026-03-28,409.97,Walgreens,MEDICAL,MEDICAL_PHARMACIES_AND_SUPPLEMENTS,in store,place,3,5,False
2026-03-29,-78.63,Transferencia - Suscripción #32,TRANSFER_IN,TRANSFER_IN_ACCOUNT_TRANSFER,other,special,3,6,False
2026-03-29,-485.25,ExxonMobil,TRANSPORTATION,TRANSPORTATION_GAS,other,place,3,6,False
2026-03-31,463.31,ExxonMobil,TRANSPORTATION,TRANSPORTATION_GAS,in store,place,3,1,False
2026-03-31,202.66,7-Eleven,GENERAL_MERCHANDISE,GENERAL_MERCHANDISE_CONVENIENCE_STORES,in store,place,3,1,False
2026-04-03,409.75,Costco,GENERAL_MERCHANDISE,GENERAL_MERCHANDISE_SUPERSTORES,in store,place,4,4,False
2026-04-05,333.96,Netflix,ENTERTAINMENT,ENTERTAINMENT_TV_AND_MOVIES,online,place,4,6,False
2026-04-06,-221.33,Spotify,ENTERTAINMENT,ENTERTAINMENT_MUSIC_AND_AUDIO,other,place,4,0,False
2026-03-25,292.61,Pago de tarjeta - Compra #44,ENTERTAINMENT,ENTERTAINMENT_SPORTING_EVENTS_AMUSEMENT_PARKS_AND_MUSEUMS,in store,place,3,2,False
2026-03-27,-172.95,Walgreens,MEDICAL,MEDICAL_PHARMACIES_AND_SUPPLEMENTS,other,place,3,4,False
2026-03-29,161.38,Shell,TRANSPORTATION,TRANSPORTATION_GAS,in store,place,3,6,False
2026-03-30,132.93,Costco,GENERAL_MERCHANDISE,GENERAL_MERCHANDISE_SUPERSTORES,in store,place,3,0,False
2026-03-31,88.97,Burger King,FOOD_AND_DRINK,FOOD_AND_DRINK_FAST_FOOD,in store,place,3,1,False
2026-04-01,262.27,ExxonMobil,TRANSPORTATION,TRANSPORTATION_GAS,in store,place,4,2,False
2026-04-01,-305.17,Kroger,FOOD_AND_DRINK,FOOD_AND_DRINK_GROCERIES,other,place,4,2,False
2026-04-03,-358.2,Apple Store,GENERAL_MERCHANDISE,GENERAL_MERCHANDISE_ELECTRONICS,other,place,4,4,False
2026-04-04,124.84,Best Buy,GENERAL_MERCHANDISE,GENERAL_MERCHANDISE_ELECTRONICS,in store,place,4,5,False
2026-04-06,-85.57,Apple Store,GENERAL_MERCHANDISE,GENERAL_MERCHANDISE_ELECTRONICS,other,place,4,0,False
2026-03-25,-453,Costco,GENERAL_MERCHANDISE,GENERAL_MERCHANDISE_SUPERSTORES,other,place,3,2,False
2026-03-27,460.1,Google Play,ENTERTAINMENT,ENTERTAINMENT_VIDEO_GAMES,online,place,3,4,False
2026-03-28,146.15,Best Buy,GENERAL_MERCHANDISE,GENERAL_MERCHANDISE_ELECTRONICS,in store,place,3,5,False
2026-03-30,62.11,Spotify,ENTERTAINMENT,ENTERTAINMENT_MUSIC_AND_AUDIO,online,place,3,0,False
2026-03-31,71.85,Chipotle Mexican Grill,FOOD_AND_DRINK,FOOD_AND_DRINK_FAST_FOOD,in store,place,3,1,False
2026-04-02,363.16,Kroger,FOOD_AND_DRINK,FOOD_AND_DRINK_GROCERIES,in store,place,4,3,False
2026-04-03,-390.54,Best Buy,GENERAL_MERCHANDISE,GENERAL_MERCHANDISE_ELECTRONICS,other,place,4,4,False
2026-04-04,243.95,Costco,GENERAL_MERCHANDISE,GENERAL_MERCHANDISE_SUPERSTORES,in store,place,4,5,False
2026-04-04,-316.12,Uber,TRANSPORTATION,TRANSPORTATION_TAXIS_AND_RIDE_SHARES,other,special,4,5,False
2026-04-07,-264.28,Lyft,TRANSPORTATION,TRANSPORTATION_TAXIS_AND_RIDE_SHARES,other,special,4,1,False
2026-03-25,123.02,Shell,TRANSPORTATION,TRANSPORTATION_GAS,in store,place,3,2,False
2026-03-26,-384.45,Starbucks,FOOD_AND_DRINK,FOOD_AND_DRINK_COFFEE,other,place,3,3,False
2026-03-26,-278.61,Costco,GENERAL_MERCHANDISE,GENERAL_MERCHANDISE_SUPERSTORES,other,place,3,3,False
2026-03-27,-33.98,Zelle,TRANSFER_IN,TRANSFER_IN_TRANSFER_IN_FROM_APPS,other,special,3,4,False
2026-03-29,259.16,Walmart,GENERAL_MERCHANDISE,GENERAL_MERCHANDISE_SUPERSTORES,in store,place,3,6,False
2026-03-29,196.49,PayPal,GENERAL_MERCHANDISE,GENERAL_MERCHANDISE_OTHER_GENERAL_MERCHANDISE,other,special,3,6,False
2026-04-03,498.67,Apple Store,GENERAL_MERCHANDISE,GENERAL_MERCHANDISE_ELECTRONICS,in store,place,4,4,False
2026-04-04,416.86,Uber,TRANSPORTATION,TRANSPORTATION_TAXIS_AND_RIDE_SHARES,online,special,4,5,False
2026-04-06,304.5,Costco,GENERAL_MERCHANDISE,GENERAL_MERCHANDISE_SUPERSTORES,in store,place,4,0,False
2026-04-07,-182.6,Nómina - Suscripción #69,FOOD_AND_DRINK,FOOD_AND_DRINK_BEER_WINE_AND_LIQUOR,other,special,4,1,False
2026-03-26,-285.72,Netflix,ENTERTAINMENT,ENTERTAINMENT_TV_AND_MOVIES,other,place,3,3,False
2026-03-26,337.71,CVS,MEDICAL,MEDICAL_PHARMACIES_AND_SUPPLEMENTS,in store,place,3,3,False
2026-03-27,-118.23,Shell,TRANSPORTATION,TRANSPORTATION_GAS,other,place,3,4,False
2026-03-28,251.87,Target,GENERAL_MERCHANDISE,GENERAL_MERCHANDISE_SUPERSTORES,in store,place,3,5,False
2026-03-29,-135.03,CVS,MEDICAL,MEDICAL_PHARMACIES_AND_SUPPLEMENTS,other,place,3,6,False
2026-03-31,-78.54,Burger King,FOOD_AND_DRINK,FOOD_AND_DRINK_FAST_FOOD,other,place,3,1,False
2026-04-01,129.3,Venmo,TRANSFER_OUT,TRANSFER_OUT_TRANSFER_OUT_FROM_APPS,other,special,4,2,False
2026-04-02,68.83,CVS,MEDICAL,MEDICAL_PHARMACIES_AND_SUPPLEMENTS,in store,place,4,3,False
2026-04-02,193.12,Kroger,FOOD_AND_DRINK,FOOD_AND_DRINK_GROCERIES,in store,place,4,3,False
2026-04-03,-253.19,McDonald's,FOOD_AND_DRINK,FOOD_AND_DRINK_FAST_FOOD,other,place,4,4,False
2026-03-25,413.5,Netflix,ENTERTAINMENT,ENTERTAINMENT_TV_AND_MOVIES,online,place,3,2,False
2026-03-27,324.24,Uber,TRANSPORTATION,TRANSPORTATION_TAXIS_AND_RIDE_SHARES,online,special,3,4,False
2026-03-31,322.25,Venmo,TRANSFER_OUT,TRANSFER_OUT_TRANSFER_OUT_FROM_APPS,other,special,3,1,False
2026-04-01,-419.43,Walmart,GENERAL_MERCHANDISE,GENERAL_MERCHANDISE_SUPERSTORES,other,place,4,2,False
2026-04-02,462.48,Uber,TRANSPORTATION,TRANSPORTATION_TAXIS_AND_RIDE_SHARES,online,special,4,3,False
2026-04-03,130.07,Google Play,ENTERTAINMENT,ENTERTAINMENT_VIDEO_GAMES,online,place,4,4,False
2026-04-04,431.85,Walmart,GENERAL_MERCHANDISE,GENERAL_MERCHANDISE_SUPERSTORES,in store,place,4,5,False
2026-04-04,-233.56,Venmo,TRANSFER_IN,TRANSFER_IN_TRANSFER_IN_FROM_APPS,other,special,4,5,False
2026-04-06,-430.54,Lyft,TRANSPORTATION,TRANSPORTATION_TAXIS_AND_RIDE_SHARES,other,special,4,0,False
2026-04-06,71.67,Walgreens,MEDICAL,MEDICAL_PHARMACIES_AND_SUPPLEMENTS,in store,place,4,0,False
2026-03-25,26.81,Costco,GENERAL_MERCHANDISE,GENERAL_MERCHANDISE_SUPERSTORES,in store,place,3,2,False
2026-03-27,323.34,Kroger,FOOD_AND_DRINK,FOOD_AND_DRINK_GROCERIES,in store,place,3,4,False
2026-03-27,296.58,Kroger,FOOD_AND_DRINK,FOOD_AND_DRINK_GROCERIES,in store,place,3,4,False
2026-03-29,366.36,ExxonMobil,TRANSPORTATION,TRANSPORTATION_GAS,in store,place,3,6,False
2026-03-29,443.59,McDonald's,FOOD_AND_DRINK,FOOD_AND_DRINK_FAST_FOOD,in store,place,3,6,False
2026-03-30,252.06,7-Eleven,GENERAL_MERCHANDISE,GENERAL_MERCHANDISE_CONVENIENCE_STORES,in store,place,3,0,False
2026-04-01,254.99,CVS,MEDICAL,MEDICAL_PHARMACIES_AND_SUPPLEMENTS,in store,place,4,2,False
2026-04-02,130.74,Chipotle Mexican Grill,FOOD_AND_DRINK,FOOD_AND_DRINK_FAST_FOOD,in store,place,4,3,False
2026-04-04,226.51,Nómina,FOOD_AND_DRINK,FOOD_AND_DRINK_BEER_WINE_AND_LIQUOR,in store,place,4,5,False
2026-04-06,394.42,Zelle,TRANSFER_OUT,TRANSFER_OUT_TRANSFER_OUT_FROM_APPS,other,place,4,0,False
2026-03-25,21.02,Costco,GENERAL_MERCHANDISE,GENERAL_MERCHANDISE_SUPERSTORES,in store,place,3,2,True
2026-03-25,-31.7,Apple Store,GENERAL_MERCHANDISE,GENERAL_MERCHANDISE_ELECTRONICS,other,place,3,2,False
2026-03-26,-272.12,Costco,GENERAL_MERCHANDISE,GENERAL_MERCHANDISE_SUPERSTORES,other,place,3,3,False
2026-03-30,337.15,Lyft,TRANSPORTATION,TRANSPORTATION_TAXIS_AND_RIDE_SHARES,online,special,3,0,False
2026-03-31,-122.13,Kroger,FOOD_AND_DRINK,FOOD_AND_DRINK_GROCERIES,other,place,3,1,False
2026-04-01,187.16,Lyft,TRANSPORTATION,TRANSPORTATION_TAXIS_AND_RIDE_SHARES,online,special,4,2,False
2026-04-02,322.76,Walgreens,MEDICAL,MEDICAL_PHARMACIES_AND_SUPPLEMENTS,in store,place,4,3,False
2026-04-04,477.45,Zelle,TRANSFER_OUT,TRANSFER_OUT_TRANSFER_OUT_FROM_APPS,other,special,4,5,False
2026-04-05,-74.17,PayPal,TRANSFER_IN,TRANSFER_IN_TRANSFER_IN_FROM_APPS,other,special,4,6,False
2026-04-07,-179.94,Nómina - Transferencia recibida #103,TRANSFER_IN,TRANSFER_IN_ACCOUNT_TRANSFER,other,special,4,1,False
2026-03-25,-165.37,Starbucks,FOOD_AND_DRINK,FOOD_AND_DRINK_COFFEE,other,place,3,2,False
2026-03-27,200.57,McDonald's,FOOD_AND_DRINK,FOOD_AND_DRINK_FAST_FOOD,in store,place,3,4,False
2026-03-28,161.95,Starbucks,FOOD_AND_DRINK,FOOD_AND_DRINK_COFFEE,in store,place,3,5,False
2026-03-29,213.09,Kroger,FOOD_AND_DRINK,FOOD_AND_DRINK_GROCERIES,in store,place,3,6,False
2026-03-29,317.33,Amazon,GENERAL_MERCHANDISE,GENERAL_MERCHANDISE_ONLINE_MARKETPLACES,online,digital,3,6,False
2026-03-30,244.63,Walgreens,MEDICAL,MEDICAL_PHARMACIES_AND_SUPPLEMENTS,in store,place,3,0,False
2026-04-01,181.26,Venmo,TRANSFER_OUT,TRANSFER_OUT_TRANSFER_OUT_FROM_APPS,other,special,4,2,False
2026-04-01,-441.17,The Home Depot,HOME_IMPROVEMENT,HOME_IMPROVEMENT_HARDWARE,other,place,4,2,False
2026-04-03,228.79,Target,GENERAL_MERCHANDISE,GENERAL_MERCHANDISE_SUPERSTORES,in store,place,4,4,False
2026-04-05,182.38,Walgreens,MEDICAL,MEDICAL_PHARMACIES_AND_SUPPLEMENTS,in store,place,4,6,False
2026-03-26,99.44,Venmo,TRANSFER_OUT,TRANSFER_OUT_TRANSFER_OUT_FROM_APPS,other,special,3,3,False
2026-03-28,200.31,Best Buy,GENERAL_MERCHANDISE,GENERAL_MERCHANDISE_ELECTRONICS,in store,place,3,5,False
2026-03-30,167.84,Nómina - Suscripción #125,FOOD_AND_DRINK,FOOD_AND_DRINK_BEER_WINE_AND_LIQUOR,in store,place,3,0,False
2026-03-30,123.14,ExxonMobil,TRANSPORTATION,TRANSPORTATION_GAS,in store,place,3,0,False
2026-03-31,219.83,Costco,GENERAL_MERCHANDISE,GENERAL_MERCHANDISE_SUPERSTORES,in store,place,3,1,False
2026-04-01,488.83,CVS,MEDICAL,MEDICAL_PHARMACIES_AND_SUPPLEMENTS,in store,place,4,2,False
2026-04-02,22.97,Target,GENERAL_MERCHANDISE,GENERAL_MERCHANDISE_SUPERSTORES,in store,place,4,3,True
2026-04-05,-114.99,Amazon - Transferencia recibida #124,TRANSFER_IN,TRANSFER_IN_ACCOUNT_TRANSFER,other,place,4,6,False
2026-04-05,140.74,Transferencia - Pago de servicios #126,TRANSFER_OUT,TRANSFER_OUT_ACCOUNT_TRANSFER,in store,place,4,6,False
2026-04-07,22.53,Amazon,GENERAL_MERCHANDISE,GENERAL_MERCHANDISE_ONLINE_MARKETPLACES,online,digital,4,1,True
2026-03-25,430.61,Burger King,FOOD_AND_DRINK,FOOD_AND_DRINK_FAST_FOOD,in store,place,3,2,False
2026-03-26,22.43,Spotify,ENTERTAINMENT,ENTERTAINMENT_MUSIC_AND_AUDIO,online,place,3,3,True
2026-03-26,347.15,Kroger,FOOD_AND_DRINK,FOOD_AND_DRINK_GROCERIES,in store,place,3,3,False
2026-03-29,-250.06,Nómina - Depósito nómina #133,TRANSFER_IN,TRANSFER_IN_DEPOSIT,other,special,3,6,False
2026-03-29,296.79,7-Eleven,GENERAL_MERCHANDISE,GENERAL_MERCHANDISE_CONVENIENCE_STORES,in store,place,3,6,False
2026-04-02,10.66,Uber,TRANSPORTATION,TRANSPORTATION_TAXIS_AND_RIDE_SHARES,online,special,4,3,True
2026-04-03,-149.01,Chipotle Mexican Grill,FOOD_AND_DRINK,FOOD_AND_DRINK_FAST_FOOD,other,place,4,4,False
2026-04-05,175.07,Best Buy,GENERAL_MERCHANDISE,GENERAL_MERCHANDISE_ELECTRONICS,in store,place,4,6,False
2026-04-06,384.12,Walmart,GENERAL_MERCHANDISE,GENERAL_MERCHANDISE_SUPERSTORES,in store,place,4,0,False
2026-04-06,65.45,Netflix,ENTERTAINMENT,ENTERTAINMENT_TV_AND_MOVIES,online,place,4,0,False
2026-03-25,-181.68,The Home Depot,HOME_IMPROVEMENT,HOME_IMPROVEMENT_HARDWARE,other,place,3,2,False
2026-03-27,-74.41,Walgreens,MEDICAL,MEDICAL_PHARMACIES_AND_SUPPLEMENTS,other,place,3,4,False
2026-03-30,407.66,Walmart,GENERAL_MERCHANDISE,GENERAL_MERCHANDISE_SUPERSTORES,in store,place,3,0,False
2026-03-30,40.66,Transferencia - Pago de servicios #146,TRANSFER_OUT,TRANSFER_OUT_ACCOUNT_TRANSFER,in store,place,3,0,False
2026-03-31,253.26,Netflix,ENTERTAINMENT,ENTERTAINMENT_TV_AND_MOVIES,online,place,3,1,False
2026-04-01,391.51,Walmart,GENERAL_MERCHANDISE,GENERAL_MERCHANDISE_SUPERSTORES,in store,place,4,2,False
2026-04-02,460.8,Target,GENERAL_MERCHANDISE,GENERAL_MERCHANDISE_SUPERSTORES,in store,place,4,3,False
2026-04-03,368.13,ExxonMobil,TRANSPORTATION,TRANSPORTATION_GAS,in store,place,4,4,False
2026-04-07,95.02,Spotify,ENTERTAINMENT,ENTERTAINMENT_MUSIC_AND_AUDIO,online,place,4,1,False
2026-04-07,77.3,Best Buy,GENERAL_MERCHANDISE,GENERAL_MERCHANDISE_ELECTRONICS,in store,place,4,1,False
2026-03-25,471.07,Lyft,TRANSPORTATION,TRANSPORTATION_TAXIS_AND_RIDE_SHARES,online,special,3,2,False
2026-03-25,232.4,ExxonMobil,TRANSPORTATION,TRANSPORTATION_GAS,in store,place,3,2,False
2026-03-28,-180.5,Walmart,GENERAL_MERCHANDISE,GENERAL_MERCHANDISE_SUPERSTORES,other,place,3,5,False
2026-03-29,359.92,Pago de tarjeta - Pago de servicios #151,OTHER,OTHER_OTHER,in store,place,3,6,False
2026-04-01,406.01,Venmo,TRANSFER_OUT,TRANSFER_OUT_TRANSFER_OUT_FROM_APPS,other,special,4,2,False
2026-04-01,-397.61,Best Buy,GENERAL_MERCHANDISE,GENERAL_MERCHANDISE_ELECTRONICS,other,place,4,2,False
2026-04-02,498.7,PayPal,TRANSFER_OUT,TRANSFER_OUT_TRANSFER_OUT_FROM_APPS,other,special,4,3,False
2026-04-02,-368.22,Spotify,ENTERTAINMENT,ENTERTAINMENT_MUSIC_AND_AUDIO,other,place,4,3,False
2026-04-05,174.18,Uber,TRANSPORTATION,TRANSPORTATION_TAXIS_AND_RIDE_SHARES,online,special,4,6,False
2026-04-06,424.25,The Home Depot,HOME_IMPROVEMENT,HOME_IMPROVEMENT_HARDWARE,in store,place,4,0,False
2026-03-25,306.97,The Home Depot,HOME_IMPROVEMENT,HOME_IMPROVEMENT_HARDWARE,in store,place,3,2,False
2026-03-25,-393.99,Transferencia - Suscripción #168,TRANSFER_IN,TRANSFER_IN_ACCOUNT_TRANSFER,other,special,3,2,False
2026-03-30,19.17,Netflix,ENTERTAINMENT,ENTERTAINMENT_TV_AND_MOVIES,online,place,3,0,True
2026-03-31,382.44,Costco,GENERAL_MERCHANDISE,GENERAL_MERCHANDISE_SUPERSTORES,in store,place,3,1,False
2026-03-31,55.89,Nómina - Cargo mensual #169,FOOD_AND_DRINK,FOOD_AND_DRINK_BEER_WINE_AND_LIQUOR,in store,place,3,1,False
2026-04-01,-236.44,Target - Cargo mensual #164,GENERAL_MERCHANDISE,GENERAL_MERCHANDISE_SUPERSTORES,other,place,4,2,False
2026-04-02,486.58,Burger King,FOOD_AND_DRINK,FOOD_AND_DRINK_FAST_FOOD,in store,place,4,3,False
2026-04-03,211.61,Kroger,FOOD_AND_DRINK,FOOD_AND_DRINK_GROCERIES,in store,place,4,4,False
2026-04-03,301.71,Chipotle Mexican Grill,FOOD_AND_DRINK,FOOD_AND_DRINK_FAST_FOOD,in store,place,4,4,False
2026-04-04,206.68,The Home Depot,HOME_IMPROVEMENT,HOME_IMPROVEMENT_HARDWARE,in store,place,4,5,False
2026-03-25,398.73,Zelle,TRANSFER_OUT,TRANSFER_OUT_TRANSFER_OUT_FROM_APPS,other,special,3,2,False
2026-03-27,167.82,Starbucks,FOOD_AND_DRINK,FOOD_AND_DRINK_COFFEE,in store,place,3,4,False
2026-03-28,224.44,McDonald's,FOOD_AND_DRINK,FOOD_AND_DRINK_FAST_FOOD,in store,place,3,5,False
2026-03-28,206.97,Best Buy,GENERAL_MERCHANDISE,GENERAL_MERCHANDISE_ELECTRONICS,in store,place,3,5,False
2026-03-29,381.5,Lyft,TRANSPORTATION,TRANSPORTATION_TAXIS_AND_RIDE_SHARES,online,special,3,6,False
2026-03-30,-275.69,Shell,TRANSPORTATION,TRANSPORTATION_GAS,other,place,3,0,False
2026-03-31,352.21,Kroger,FOOD_AND_DRINK,FOOD_AND_DRINK_GROCERIES,in store,place,3,1,False
2026-04-02,135.44,7-Eleven,GENERAL_MERCHANDISE,GENERAL_MERCHANDISE_CONVENIENCE_STORES,in store,place,4,3,False
2026-04-05,-180.29,Chipotle Mexican Grill,FOOD_AND_DRINK,FOOD_AND_DRINK_FAST_FOOD,other,place,4,6,False
2026-04-07,92.65,Netflix,ENTERTAINMENT,ENTERTAINMENT_TV_AND_MOVIES,online,place,4,1,False
2026-03-26,71.38,Netflix,ENTERTAINMENT,ENTERTAINMENT_TV_AND_MOVIES,online,place,3,3,False
2026-03-27,393.9,Costco,GENERAL_MERCHANDISE,GENERAL_MERCHANDISE_SUPERSTORES,in store,place,3,4,False
2026-03-27,-457.48,ExxonMobil,TRANSPORTATION,TRANSPORTATION_GAS,other,place,3,4,False
2026-03-28,-90.58,The Home Depot,HOME_IMPROVEMENT,HOME_IMPROVEMENT_HARDWARE,other,place,3,5,False
2026-03-30,312.19,McDonald's,FOOD_AND_DRINK,FOOD_AND_DRINK_FAST_FOOD,in store,place,3,0,False
2026-04-01,117.69,Spotify,ENTERTAINMENT,ENTERTAINMENT_MUSIC_AND_AUDIO,online,place,4,2,False
2026-04-01,-328.52,Target - Transferencia recibida #183,TRANSFER_IN,TRANSFER_IN_ACCOUNT_TRANSFER,other,place,4,2,False
2026-04-05,-114.4,CVS,MEDICAL,MEDICAL_PHARMACIES_AND_SUPPLEMENTS,other,place,4,6,False
2026-04-05,98.32,Lyft,TRANSPORTATION,TRANSPORTATION_TAXIS_AND_RIDE_SHARES,online,special,4,6,False
2026-04-06,-139.19,Walgreens,MEDICAL,MEDICAL_PHARMACIES_AND_SUPPLEMENTS,other,place,4,0,False
2026-03-26,-234.17,Kroger,TRANSFER_IN,TRANSFER_IN_ACCOUNT_TRANSFER,other,place,3,3,False
2026-03-30,-364.13,Chipotle Mexican Grill,FOOD_AND_DRINK,FOOD_AND_DRINK_FAST_FOOD,other,place,3,0,False
2026-03-31,45.08,The Home Depot,HOME_IMPROVEMENT,HOME_IMPROVEMENT_HARDWARE,in store,place,3,1,False
2026-03-31,110.86,Kroger,FOOD_AND_DRINK,FOOD_AND_DRINK_GROCERIES,in store,place,3,1,False
2026-03-31,10.77,Chipotle Mexican Grill,FOOD_AND_DRINK,FOOD_AND_DRINK_FAST_FOOD,in store,place,3,1,True
2026-04-05,452.22,Kroger,FOOD_AND_DRINK,FOOD_AND_DRINK_GROCERIES,in store,place,4,6,False
2026-04-06,-38.45,Zelle,TRANSFER_IN,TRANSFER_IN_TRANSFER_IN_FROM_APPS,other,special,4,0,False
2026-04-06,-19.09,Nómina - Suscripción #196,FOOD_AND_DRINK,FOOD_AND_DRINK_BEER_WINE_AND_LIQUOR,other,special,4,0,False
2026-04-06,467.75,7-Eleven,GENERAL_MERCHANDISE,GENERAL_MERCHANDISE_CONVENIENCE_STORES,in store,place,4,0,False
2026-04-06,341.26,Venmo,TRANSFER_OUT,TRANSFER_OUT_TRANSFER_OUT_FROM_APPS,other,special,4,0,False
2026-03-26,39.01,Zelle,TRANSFER_OUT,TRANSFER_OUT_TRANSFER_OUT_FROM_APPS,other,special,3,3,False
2026-03-29,400.08,Pago de tarjeta - Transferencia recibida #207,TRANSFER_OUT,TRANSFER_OUT_ACCOUNT_TRANSFER,in store,place,3,6,False
2026-04-01,-396.51,Spotify,ENTERTAINMENT,ENTERTAINMENT_MUSIC_AND_AUDIO,other,place,4,2,False
2026-04-02,65.2,McDonald's,FOOD_AND_DRINK,FOOD_AND_DRINK_FAST_FOOD,in store,place,4,3,False
2026-04-02,210.51,The Home Depot,HOME_IMPROVEMENT,HOME_IMPROVEMENT_HARDWARE,in store,place,4,3,False
2026-04-03,222.79,The Home Depot,HOME_IMPROVEMENT,HOME_IMPROVEMENT_HARDWARE,in store,place,4,4,False
2026-04-04,-349.93,Starbucks,FOOD_AND_DRINK,FOOD_AND_DRINK_COFFEE,other,place,4,5,False
2026-04-05,73.32,Amazon,GENERAL_MERCHANDISE,GENERAL_MERCHANDISE_ONLINE_MARKETPLACES,online,digital,4,6,False
2026-04-05,494.66,Lyft,TRANSPORTATION,TRANSPORTATION_TAXIS_AND_RIDE_SHARES,online,special,4,6,False
2026-04-05,11.52,Target,GENERAL_MERCHANDISE,GENERAL_MERCHANDISE_SUPERSTORES,in store,place,4,6,True
2026-03-25,-88.68,CVS,MEDICAL,MEDICAL_PHARMACIES_AND_SUPPLEMENTS,other,place,3,2,False
2026-03-25,279.02,Spotify,ENTERTAINMENT,ENTERTAINMENT_MUSIC_AND_AUDIO,online,place,3,2,False
2026-03-27,319.04,Walmart,GENERAL_MERCHANDISE,GENERAL_MERCHANDISE_SUPERSTORES,in store,place,3,4,False
2026-03-28,24.26,Shell,TRANSPORTATION,TRANSPORTATION_GAS,in store,place,3,5,True
2026-03-30,179.32,Walgreens,MEDICAL,MEDICAL_PHARMACIES_AND_SUPPLEMENTS,in store,place,3,0,False
2026-03-31,386.45,ExxonMobil,TRANSPORTATION,TRANSPORTATION_GAS,in store,place,3,1,False
2026-04-04,224.05,McDonald's,FOOD_AND_DRINK,FOOD_AND_DRINK_FAST_FOOD,in store,place,4,5,False
2026-04-05,30.94,Target,GENERAL_MERCHANDISE,GENERAL_MERCHANDISE_SUPERSTORES,in store,place,4,6,False
2026-04-05,499.13,Lyft,TRANSPORTATION,TRANSPORTATION_TAXIS_AND_RIDE_SHARES,online,special,4,6,False
2026-04-07,307.52,Uber,TRANSPORTATION,TRANSPORTATION_TAXIS_AND_RIDE_SHARES,online,special,4,1,False
2026-03-25,365.01,Walmart,GENERAL_MERCHANDISE,GENERAL_MERCHANDISE_SUPERSTORES,in store,place,3,2,False
2026-03-25,245.91,The Home Depot,HOME_IMPROVEMENT,HOME_IMPROVEMENT_HARDWARE,in store,place,3,2,False
2026-03-26,-132.67,Venmo,TRANSFER_IN,TRANSFER_IN_TRANSFER_IN_FROM_APPS,other,special,3,3,False
2026-03-27,113.34,Google Play,ENTERTAINMENT,ENTERTAINMENT_VIDEO_GAMES,online,place,3,4,False
2026-03-27,456.87,Amazon,GENERAL_MERCHANDISE,GENERAL_MERCHANDISE_ONLINE_MARKETPLACES,online,digital,3,4,False
2026-04-02,110.18,Target,GENERAL_MERCHANDISE,GENERAL_MERCHANDISE_SUPERSTORES,in store,place,4,3,False
2026-04-03,229.51,Apple Store,GENERAL_MERCHANDISE,GENERAL_MERCHANDISE_ELECTRONICS,in store,place,4,4,False
2026-04-04,-173.55,Lyft,TRANSPORTATION,TRANSPORTATION_TAXIS_AND_RIDE_SHARES,other,special,4,5,False
2026-04-07,312.37,Costco,GENERAL_MERCHANDISE,GENERAL_MERCHANDISE_SUPERSTORES,in store,place,4,1,False
2026-04-07,246.89,Zelle,TRANSFER_OUT,TRANSFER_OUT_TRANSFER_OUT_FROM_APPS,other,place,4,1,False
2026-03-25,-284.44,Apple Store,GENERAL_MERCHANDISE,GENERAL_MERCHANDISE_ELECTRONICS,other,place,3,2,False
2026-03-25,286.01,PayPal,OTHER,OTHER_OTHER,other,special,3,2,False
2026-03-26,474.62,Nómina - Transferencia recibida #233,TRANSFER_OUT,TRANSFER_OUT_ACCOUNT_TRANSFER,in store,special,3,3,False
2026-03-28,112.25,PayPal,GENERAL_MERCHANDISE,GENERAL_MERCHANDISE_OTHER_GENERAL_MERCHANDISE,other,special,3,5,False
2026-03-30,183.95,Chipotle Mexican Grill,FOOD_AND_DRINK,FOOD_AND_DRINK_FAST_FOOD,in store,place,3,0,False
2026-03-31,141.7,The Home Depot,HOME_IMPROVEMENT,HOME_IMPROVEMENT_HARDWARE,in store,place,3,1,False
2026-03-31,-40.47,Lyft,TRANSPORTATION,TRANSPORTATION_TAXIS_AND_RIDE_SHARES,other,special,3,1,False
2026-04-03,165.4,7-Eleven,GENERAL_MERCHANDISE,GENERAL_MERCHANDISE_CONVENIENCE_STORES,in store,place,4,4,False
2026-04-03,376.78,Costco,GENERAL_MERCHANDISE,GENERAL_MERCHANDISE_SUPERSTORES,in store,place,4,4,False
2026-04-06,-491.66,Netflix,ENTERTAINMENT,ENTERTAINMENT_TV_AND_MOVIES,other,place,4,0,False
2026-03-25,-461.76,Chipotle Mexican Grill,FOOD_AND_DRINK,FOOD_AND_DRINK_FAST_FOOD,other,place,3,2,False
2026-03-28,91.39,ExxonMobil,TRANSPORTATION,TRANSPORTATION_GAS,in store,place,3,5,False
2026-03-28,-43.46,CVS,MEDICAL,MEDICAL_PHARMACIES_AND_SUPPLEMENTS,other,place,3,5,False
2026-03-30,99.03,Transferencia - Depósito nómina #249,TRANSFER_OUT,TRANSFER_OUT_ACCOUNT_TRANSFER,in store,place,3,0,False
2026-03-31,-302.24,Burger King,FOOD_AND_DRINK,FOOD_AND_DRINK_FAST_FOOD,other,place,3,1,False
2026-03-31,85.96,Netflix,ENTERTAINMENT,ENTERTAINMENT_TV_AND_MOVIES,online,place,3,1,False
2026-03-31,276.37,Kroger,FOOD_AND_DRINK,FOOD_AND_DRINK_GROCERIES,in store,place,3,1,False
2026-04-01,6.63,Venmo,TRANSFER_OUT,TRANSFER_OUT_TRANSFER_OUT_FROM_APPS,other,special,4,2,True
2026-04-02,37.02,Netflix,ENTERTAINMENT,ENTERTAINMENT_TV_AND_MOVIES,online,place,4,3,False
2026-04-04,263.59,Spotify,ENTERTAINMENT,ENTERTAINMENT_MUSIC_AND_AUDIO,online,place,4,5,False
2026-03-27,411.7,CVS,MEDICAL,MEDICAL_PHARMACIES_AND_SUPPLEMENTS,in store,place,3,4,False
2026-03-29,159.26,Spotify,ENTERTAINMENT,ENTERTAINMENT_MUSIC_AND_AUDIO,online,place,3,6,False
2026-03-30,-70.42,Venmo,TRANSFER_IN,TRANSFER_IN_TRANSFER_IN_FROM_APPS,other,special,3,0,False
2026-03-31,278.98,Amazon,GENERAL_MERCHANDISE,GENERAL_MERCHANDISE_ONLINE_MARKETPLACES,online,digital,3,1,False
2026-03-31,340.32,PayPal,GENERAL_MERCHANDISE,GENERAL_MERCHANDISE_OTHER_GENERAL_MERCHANDISE,other,special,3,1,False
2026-04-01,186.53,Shell,TRANSPORTATION,TRANSPORTATION_GAS,in store,place,4,2,False
2026-04-01,116.52,Pago de tarjeta - Pago tarjeta crédito #256,TRANSFER_OUT,TRANSFER_OUT_ACCOUNT_TRANSFER,in store,place,4,2,False
2026-04-01,453.95,Transferencia - Cargo mensual #259,TRANSFER_OUT,TRANSFER_OUT_ACCOUNT_TRANSFER,in store,place,4,2,False
2026-04-02,-325.97,ExxonMobil,TRANSPORTATION,TRANSPORTATION_GAS,other,place,4,3,False
2026-04-03,291.96,Transferencia - Compra #254,TRANSFER_OUT,TRANSFER_OUT_ACCOUNT_TRANSFER,in store,place,4,4,False
2026-03-27,466.01,Zelle,TRANSFER_OUT,TRANSFER_OUT_TRANSFER_OUT_FROM_APPS,other,special,3,4,False
2026-03-27,-29.84,Burger King,FOOD_AND_DRINK,FOOD_AND_DRINK_FAST_FOOD,other,place,3,4,False
2026-03-30,-492.81,Chipotle Mexican Grill,FOOD_AND_DRINK,FOOD_AND_DRINK_FAST_FOOD,other,place,3,0,False
2026-03-31,75.72,Nómina - Pago de servicios #266,MEDICAL,MEDICAL_DENTAL_CARE,in store,place,3,1,False
2026-04-01,59.64,Burger King,FOOD_AND_DRINK,FOOD_AND_DRINK_FAST_FOOD,in store,place,4,2,False
2026-04-02,155.25,Walmart,GENERAL_MERCHANDISE,GENERAL_MERCHANDISE_SUPERSTORES,in store,place,4,3,False
2026-04-02,341.94,Target,GENERAL_MERCHANDISE,GENERAL_MERCHANDISE_SUPERSTORES,in store,place,4,3,False
2026-04-04,425.66,Shell,TRANSPORTATION,TRANSPORTATION_GAS,in store,place,4,5,False
2026-04-05,-303.55,7-Eleven,GENERAL_MERCHANDISE,GENERAL_MERCHANDISE_CONVENIENCE_STORES,other,place,4,6,False
2026-04-07,-414.4,Google Play,ENTERTAINMENT,ENTERTAINMENT_VIDEO_GAMES,other,place,4,1,False
2026-03-25,212.18,Kroger,FOOD_AND_DRINK,FOOD_AND_DRINK_GROCERIES,in store,place,3,2,False
2026-03-26,159.54,Best Buy,GENERAL_MERCHANDISE,GENERAL_MERCHANDISE_ELECTRONICS,in store,place,3,3,False
2026-03-26,-413.03,Nómina - Suscripción #280,FOOD_AND_DRINK,FOOD_AND_DRINK_BEER_WINE_AND_LIQUOR,other,special,3,3,False
2026-03-27,-442.19,Walgreens,MEDICAL,MEDICAL_PHARMACIES_AND_SUPPLEMENTS,other,place,3,4,False
2026-03-30,-372.55,Pago de tarjeta - Compra #272,TRANSFER_IN,TRANSFER_IN_ACCOUNT_TRANSFER,other,place,3,0,False
2026-04-05,-7.14,Target - Depósito nómina #271,GENERAL_MERCHANDISE,GENERAL_MERCHANDISE_SUPERSTORES,other,place,4,6,False
2026-04-05,11.96,CVS,MEDICAL,MEDICAL_PHARMACIES_AND_SUPPLEMENTS,in store,place,4,6,True
2026-04-05,488.67,Amazon,GENERAL_MERCHANDISE,GENERAL_MERCHANDISE_ONLINE_MARKETPLACES,online,digital,4,6,False
2026-04-06,43.34,Lyft,TRANSPORTATION,TRANSPORTATION_TAXIS_AND_RIDE_SHARES,online,special,4,0,False
2026-04-07,28.74,Amazon,GENERAL_MERCHANDISE,GENERAL_MERCHANDISE_ONLINE_MARKETPLACES,online,digital,4,1,False
2026-03-26,66.24,Costco,GENERAL_MERCHANDISE,GENERAL_MERCHANDISE_SUPERSTORES,in store,place,3,3,False
2026-03-27,-81.6,CVS,MEDICAL,MEDICAL_PHARMACIES_AND_SUPPLEMENTS,other,place,3,4,False
2026-03-29,454.03,Spotify,ENTERTAINMENT,ENTERTAINMENT_MUSIC_AND_AUDIO,online,place,3,6,False
2026-03-31,-45.72,Lyft,TRANSPORTATION,TRANSPORTATION_TAXIS_AND_RIDE_SHARES,other,special,3,1,False
2026-04-02,315.45,Walmart,GENERAL_MERCHANDISE,GENERAL_MERCHANDISE_SUPERSTORES,in store,place,4,3,False
2026-04-04,68.04,Kroger,FOOD_AND_DRINK,FOOD_AND_DRINK_GROCERIES,in store,place,4,5,False
2026-04-05,-290.54,7-Eleven,GENERAL_MERCHANDISE,GENERAL_MERCHANDISE_CONVENIENCE_STORES,other,place,4,6,False
2026-04-06,-110.64,Google Play,ENTERTAINMENT,ENTERTAINMENT_VIDEO_GAMES,other,place,4,0,False
2026-04-06,354.92,Pago de tarjeta - Depósito nómina #288,OTHER,OTHER_OTHER,in store,place,4,0,False
2026-04-07,348.2,Uber,TRANSPORTATION,TRANSPORTATION_TAXIS_AND_RIDE_SHARES,online,special,4,1,False
2026-03-25,14.03,Costco,GENERAL_MERCHANDISE,GENERAL_MERCHANDISE_SUPERSTORES,in store,place,3,2,True
2026-03-25,213.39,Walgreens,MEDICAL,MEDICAL_PHARMACIES_AND_SUPPLEMENTS,in store,place,3,2,False
2026-03-26,471.87,Transferencia - Compra #299,TRANSFER_OUT,TRANSFER_OUT_ACCOUNT_TRANSFER,in store,place,3,3,False
2026-03-30,494.21,Uber,TRANSPORTATION,TRANSPORTATION_TAXIS_AND_RIDE_SHARES,online,special,3,0,False
2026-04-01,449.93,Chipotle Mexican Grill,FOOD_AND_DRINK,FOOD_AND_DRINK_FAST_FOOD,in store,place,4,2,False
2026-04-01,254.62,Amazon,GENERAL_MERCHANDISE,GENERAL_MERCHANDISE_ONLINE_MARKETPLACES,online,digital,4,2,False
2026-04-04,109.04,Lyft,TRANSPORTATION,TRANSPORTATION_TAXIS_AND_RIDE_SHARES,online,special,4,5,False
2026-04-05,176.63,McDonald's,FOOD_AND_DRINK,FOOD_AND_DRINK_FAST_FOOD,in store,place,4,6,False
2026-04-07,308.47,ExxonMobil,TRANSPORTATION,TRANSPORTATION_GAS,in store,place,4,1,False
2026-04-07,207.61,Venmo,TRANSFER_OUT,TRANSFER_OUT_TRANSFER_OUT_FROM_APPS,other,special,4,1,False
2026-03-25,20.06,Costco,GENERAL_MERCHANDISE,GENERAL_MERCHANDISE_SUPERSTORES,in store,place,3,2,True
2026-03-26,-154.1,ExxonMobil,TRANSPORTATION,TRANSPORTATION_GAS,other,place,3,3,False
2026-03-28,234.91,Walmart,GENERAL_MERCHANDISE,GENERAL_MERCHANDISE_SUPERSTORES,in store,place,3,5,False
2026-03-29,233.99,PayPal,TRANSFER_OUT,TRANSFER_OUT_TRANSFER_OUT_FROM_APPS,online,place,3,6,False
2026-03-30,465.62,Pago de tarjeta - Compra #303,ENTERTAINMENT,ENTERTAINMENT_SPORTING_EVENTS_AMUSEMENT_PARKS_AND_MUSEUMS,in store,place,3,0,False
2026-03-31,19.69,Spotify,ENTERTAINMENT,ENTERTAINMENT_MUSIC_AND_AUDIO,online,place,3,1,True
2026-04-02,-173.56,Lyft,TRANSPORTATION,TRANSPORTATION_TAXIS_AND_RIDE_SHARES,other,special,4,3,False
2026-04-04,186.85,Walgreens,MEDICAL,MEDICAL_PHARMACIES_AND_SUPPLEMENTS,in store,place,4,5,False
2026-04-05,373.8,Target,GENERAL_MERCHANDISE,GENERAL_MERCHANDISE_SUPERSTORES,in store,place,4,6,False
2026-04-06,-429.03,Target - Depósito nómina #302,GENERAL_MERCHANDISE,GENERAL_MERCHANDISE_SUPERSTORES,other,place,4,0,False
2026-03-25,-348.98,Starbucks,FOOD_AND_DRINK,FOOD_AND_DRINK_COFFEE,other,place,3,2,False
2026-03-26,257.11,7-Eleven,GENERAL_MERCHANDISE,GENERAL_MERCHANDISE_CONVENIENCE_STORES,in store,place,3,3,False
2026-03-27,-83.36,Target - Suscripción #318,GENERAL_MERCHANDISE,GENERAL_MERCHANDISE_SUPERSTORES,other,place,3,4,False
2026-03-29,455.51,Zelle,TRANSFER_OUT,TRANSFER_OUT_TRANSFER_OUT_FROM_APPS,other,special,3,6,False
2026-03-30,227.46,Lyft,TRANSPORTATION,TRANSPORTATION_TAXIS_AND_RIDE_SHARES,online,special,3,0,False
2026-03-30,211.57,McDonald's,FOOD_AND_DRINK,FOOD_AND_DRINK_FAST_FOOD,in store,place,3,0,False
2026-04-01,-9.9,Shell,TRANSPORTATION,TRANSPORTATION_GAS,other,place,4,2,False
2026-04-03,434.29,PayPal,OTHER,OTHER_OTHER,other,special,4,4,False
2026-04-04,175.15,Walmart,GENERAL_MERCHANDISE,GENERAL_MERCHANDISE_SUPERSTORES,in store,place,4,5,False
2026-04-06,-96.03,Pago de tarjeta - Pago de servicios #311,TRANSFER_IN,TRANSFER_IN_INVESTMENT_AND_RETIREMENT_FUNDS,other,place,4,0,False
2026-03-30,262.49,7-Eleven,GENERAL_MERCHANDISE,GENERAL_MERCHANDISE_CONVENIENCE_STORES,in store,place,3,0,False
2026-03-31,-318.16,Apple Store,GENERAL_MERCHANDISE,GENERAL_MERCHANDISE_ELECTRONICS,other,place,3,1,False
2026-04-01,77.67,Chipotle Mexican Grill,FOOD_AND_DRINK,FOOD_AND_DRINK_FAST_FOOD,in store,place,4,2,False
2026-04-02,-248.04,Uber,TRANSPORTATION,TRANSPORTATION_TAXIS_AND_RIDE_SHARES,other,special,4,3,False
2026-04-03,263.56,Nómina - Cargo mensual #321,FOOD_AND_DRINK,FOOD_AND_DRINK_BEER_WINE_AND_LIQUOR,in store,place,4,4,False
2026-04-03,57.88,Apple Store,GENERAL_MERCHANDISE,GENERAL_MERCHANDISE_ELECTRONICS,in store,place,4,4,False
2026-04-04,424.59,Nómina - Pago de servicios #322,FOOD_AND_DRINK,FOOD_AND_DRINK_BEER_WINE_AND_LIQUOR,in store,place,4,5,False
2026-04-04,-81.45,Costco,GENERAL_MERCHANDISE,GENERAL_MERCHANDISE_SUPERSTORES,other,place,4,5,False
2026-04-05,53.47,ExxonMobil,TRANSPORTATION,TRANSPORTATION_GAS,in store,place,4,6,False
2026-04-06,176.87,Walgreens,MEDICAL,MEDICAL_PHARMACIES_AND_SUPPLEMENTS,in store,place,4,0,False
2026-03-26,180.62,Chipotle Mexican Grill,FOOD_AND_DRINK,FOOD_AND_DRINK_FAST_FOOD,in store,place,3,3,False
2026-03-27,163.74,ExxonMobil,TRANSPORTATION,TRANSPORTATION_GAS,in store,place,3,4,False
2026-03-28,-307.76,ExxonMobil,TRANSPORTATION,TRANSPORTATION_GAS,other,place,3,5,False
2026-03-28,220.64,Walmart,GENERAL_MERCHANDISE,GENERAL_MERCHANDISE_SUPERSTORES,in store,place,3,5,False
2026-03-29,-464.34,Chipotle Mexican Grill,FOOD_AND_DRINK,FOOD_AND_DRINK_FAST_FOOD,other,place,3,6,False
2026-03-31,-390.26,Costco,GENERAL_MERCHANDISE,GENERAL_MERCHANDISE_SUPERSTORES,other,place,3,1,False
2026-04-01,394.87,Target,GENERAL_MERCHANDISE,GENERAL_MERCHANDISE_SUPERSTORES,in store,place,4,2,False
2026-04-01,370.65,Spotify,ENTERTAINMENT,ENTERTAINMENT_MUSIC_AND_AUDIO,online,place,4,2,False
2026-04-04,449.45,Starbucks,FOOD_AND_DRINK,FOOD_AND_DRINK_COFFEE,in store,place,4,5,False
2026-04-06,-440.13,Apple Store,GENERAL_MERCHANDISE,GENERAL_MERCHANDISE_ELECTRONICS,other,place,4,0,False
2026-03-25,-371.12,Shell,TRANSPORTATION,TRANSPORTATION_GAS,other,place,3,2,False
2026-03-25,453.33,Amazon,GENERAL_MERCHANDISE,GENERAL_MERCHANDISE_ONLINE_MARKETPLACES,online,digital,3,2,False
2026-03-28,61.06,Venmo,TRANSFER_OUT,TRANSFER_OUT_TRANSFER_OUT_FROM_APPS,other,special,3,5,False
2026-03-29,356.38,Lyft,TRANSPORTATION,TRANSPORTATION_TAXIS_AND_RIDE_SHARES,online,special,3,6,False
2026-03-30,-457.88,Best Buy,GENERAL_MERCHANDISE,GENERAL_MERCHANDISE_ELECTRONICS,other,place,3,0,False
2026-03-31,331.28,Venmo,TRANSFER_OUT,TRANSFER_OUT_TRANSFER_OUT_FROM_APPS,other,special,3,1,False
2026-04-01,-27.01,Spotify,ENTERTAINMENT,ENTERTAINMENT_MUSIC_AND_AUDIO,other,place,4,2,False
2026-04-04,318.54,Spotify,ENTERTAINMENT,ENTERTAINMENT_MUSIC_AND_AUDIO,online,place,4,5,False
2026-04-06,-176.47,Uber,TRANSPORTATION,TRANSPORTATION_TAXIS_AND_RIDE_SHARES,other,special,4,0,False
2026-04-06,438.2,PayPal,TRANSFER_OUT,TRANSFER_OUT_TRANSFER_OUT_FROM_APPS,online,place,4,0,False
2026-03-27,101.01,Costco,GENERAL_MERCHANDISE,GENERAL_MERCHANDISE_SUPERSTORES,in store,place,3,4,False
2026-03-27,169.45,Zelle,TRANSFER_OUT,TRANSFER_OUT_TRANSFER_OUT_FROM_APPS,other,special,3,4,False
2026-03-28,99.17,Chipotle Mexican Grill,FOOD_AND_DRINK,FOOD_AND_DRINK_FAST_FOOD,in store,place,3,5,False
2026-04-01,171.13,The Home Depot,HOME_IMPROVEMENT,HOME_IMPROVEMENT_HARDWARE,in store,place,4,2,False
2026-04-04,-324.58,McDonald's,FOOD_AND_DRINK,FOOD_AND_DRINK_FAST_FOOD,other,place,4,5,False
2026-04-05,-89.08,Apple Store,GENERAL_MERCHANDISE,GENERAL_MERCHANDISE_ELECTRONICS,other,place,4,6,False
2026-04-06,-109.48,Transferencia - Compra #356,TRANSFER_IN,TRANSFER_IN_ACCOUNT_TRANSFER,other,special,4,0,False
2026-04-06,419.33,Best Buy,GENERAL_MERCHANDISE,GENERAL_MERCHANDISE_ELECTRONICS,in store,place,4,0,False
2026-04-06,202.78,Starbucks,FOOD_AND_DRINK,FOOD_AND_DRINK_COFFEE,in store,place,4,0,False
2026-04-07,-351.87,Transferencia - Suscripción #353,TRANSFER_IN,TRANSFER_IN_ACCOUNT_TRANSFER,other,special,4,1,False
2026-03-25,-228.82,Zelle,TRANSFER_IN,TRANSFER_IN_TRANSFER_IN_FROM_APPS,other,special,3,2,False
2026-03-26,490.84,Walmart,GENERAL_MERCHANDISE,GENERAL_MERCHANDISE_SUPERSTORES,in store,place,3,3,False
2026-03-26,-166.48,Transferencia - Pago de servicios #362,TRANSFER_IN,TRANSFER_IN_ACCOUNT_TRANSFER,other,place,3,3,False
2026-03-26,425.75,CVS,MEDICAL,MEDICAL_PHARMACIES_AND_SUPPLEMENTS,in store,place,3,3,False
2026-03-31,-432.88,CVS,MEDICAL,MEDICAL_PHARMACIES_AND_SUPPLEMENTS,other,place,3,1,False
2026-04-02,319.83,Starbucks,FOOD_AND_DRINK,FOOD_AND_DRINK_COFFEE,in store,place,4,3,False
2026-04-02,121.16,Target,GENERAL_MERCHANDISE,GENERAL_MERCHANDISE_SUPERSTORES,in store,place,4,3,False
2026-04-07,88.74,Whole Foods Market,FOOD_AND_DRINK,FOOD_AND_DRINK_GROCERIES,in store,place,4,1,False
2026-04-07,-56.22,Transferencia - Depósito #441,TRANSFER_IN,TRANSFER_IN_ACCOUNT_TRANSFER,other,special,4,1,False

